{
  "accuracy": 0.9477611940298507,
  "f1_macro": 0.8954711908404023,
  "precision_macro": 0.9203460285361196,
  "recall_macro": 0.8787725432462276,
  "roc_auc": 0.9855982407808188
}